0.011043071746826172,1,-1,15,16279
0.022706031799316406,1,-1,15,16279
0.034262895584106445,1,-1,0,16279
0.04581785202026367,0,-1,0,16279
0.05745100975036621,0,-1,0,16279
0.06910586357116699,0,-1,0,16279
0.0812990665435791,0,-1,0,16279
0.0924980640411377,-4,1,60,16283
0.10593605041503906,-4,1,60,16283
0.11964702606201172,-4,1,60,16283
0.1330869197845459,-4,1,60,16283
0.14467906951904297,14,-1,210,16269
0.15609002113342285,14,-1,210,16269
0.17033791542053223,14,-1,210,16269
0.18318486213684082,14,-1,210,16269
0.19471096992492676,4,-1,60,16265
0.2083280086517334,4,-1,60,16265
0.22006607055664062,4,-1,60,16265
0.23214292526245117,4,-1,60,16265
0.24497604370117188,1,-1,15,16264
0.2564699649810791,1,-1,15,16264
0.2700920104980469,1,-1,15,16264
0.28140687942504883,1,-1,15,16264
0.29474806785583496,-1,1,15,16265
0.306657075881958,-1,1,15,16265
0.3185708522796631,-1,1,15,16265
0.3295860290527344,-1,1,15,16265
0.3424339294433594,0,1,0,16265
0.35585689544677734,0,1,0,16265
0.36997294425964355,0,1,0,16265
0.38275790214538574,0,1,0,16265
0.3941988945007324,4,-1,60,16261
0.4060349464416504,4,-1,60,16261
0.41735386848449707,4,-1,60,16261
0.42896604537963867,4,-1,60,16261
0.4406449794769287,-14,1,210,16275
0.4521830081939697,-14,1,210,16275
0.4646270275115967,-14,1,210,16275
0.4760420322418213,-14,1,210,16275
0.4891340732574463,-2,1,30,16277
0.5008659362792969,-2,1,30,16277
0.5120859146118164,-2,1,30,16277
0.5257408618927002,-2,1,30,16277
0.5382900238037109,5,-1,75,16272
0.5517828464508057,5,-1,75,16272
0.5646488666534424,5,-1,75,16272
0.575829029083252,5,-1,75,16272
0.589447021484375,-5,1,75,16277
0.6031880378723145,-5,1,75,16277
0.6151740550994873,-5,1,75,16277
0.6268820762634277,-5,1,75,16277
0.6390399932861328,5,-1,75,16272
0.6503610610961914,5,-1,75,16272
0.6613268852233887,5,-1,75,16272
0.6751449108123779,5,-1,75,16272
0.6879940032958984,-3,1,45,16275
0.6997740268707275,-3,1,45,16275
0.7115578651428223,-3,1,45,16275
0.7249040603637695,-3,1,45,16275
0.7365238666534424,3,-1,45,16272
0.7489750385284424,3,-1,45,16272
0.7613580226898193,3,-1,45,16272
0.775305986404419,3,-1,45,16272
0.7878830432891846,-2,1,30,16274
0.8006119728088379,-2,1,30,16274
0.8117079734802246,-2,1,30,16274
0.8236770629882812,-2,1,30,16274
0.8355460166931152,-2,1,30,16276
0.8469338417053223,-2,1,30,16276
0.8593270778656006,-2,1,30,16276
0.8715059757232666,-2,1,30,16276
0.8828978538513184,-2,1,30,16276
0.8944878578186035,0,1,0,16276
0.9076189994812012,0,1,0,16276
0.9211540222167969,0,1,0,16276
0.932391881942749,0,-1,0,16276
0.9445500373840332,1,-1,15,16275
0.9560379981994629,1,-1,15,16275
0.9674420356750488,1,-1,15,16275
0.9784228801727295,1,-1,15,16275
0.9913439750671387,-3,1,45,16278
1.004899024963379,-3,1,45,16278
1.0176010131835938,-3,1,45,16278
1.0312609672546387,-3,1,45,16278
1.0427849292755127,0,1,0,16278
1.0562288761138916,0,1,0,16278
1.0675139427185059,0,1,0,16278
1.0792129039764404,0,1,0,16278
1.0907390117645264,0,1,0,16278
1.1023249626159668,0,1,0,16278
1.1138298511505127,0,1,0,16278
1.1256840229034424,0,1,0,16278
1.1382319927215576,-3,1,45,16281
1.1499519348144531,-3,1,45,16281
1.1611969470977783,-3,1,45,16281
1.1751210689544678,-3,1,45,16281
1.1870129108428955,4,-1,60,16277
1.1995959281921387,4,-1,60,16277
1.2108628749847412,4,-1,60,16277
1.2230679988861084,4,-1,60,16277
1.2347888946533203,-3,1,45,16280
1.2461998462677002,-3,1,45,16280
1.2578020095825195,-3,1,45,16280
1.2702598571777344,-3,1,45,16280
1.2826099395751953,-3,1,45,16280
1.2938768863677979,9,-1,135,16271
1.3075659275054932,9,-1,135,16271
1.3189899921417236,9,-1,135,16271
1.3322420120239258,9,-1,135,16271
1.3447768688201904,0,-1,0,16271
1.3579988479614258,0,-1,0,16271
1.3697059154510498,0,-1,0,16271
1.3828718662261963,0,-1,0,16271
1.3944759368896484,0,-1,0,16271
1.406013011932373,0,-1,0,16271
1.4170448780059814,0,-1,0,16271
1.4284849166870117,0,-1,0,16271
1.4420719146728516,-5,1,75,16276
1.4556119441986084,-5,1,75,16276
1.4690289497375488,-5,1,75,16276
1.482651948928833,-5,1,75,16276
1.4941990375518799,-20,1,300,16296
1.5072729587554932,-20,1,300,16296
1.5203149318695068,-20,1,300,16296
1.5326869487762451,-20,1,300,16296
1.5452978610992432,-36,1,540,16332
1.5594089031219482,-36,1,540,16332
1.5703380107879639,-36,1,540,16332
1.5816378593444824,-36,1,540,16332
1.5943238735198975,-120,1,1800,16452
1.6080188751220703,-120,1,1800,16452
1.6213319301605225,-120,1,1800,16452
1.6324269771575928,-120,1,1800,16452
1.6442739963531494,-1022,1,15330,17474
1.6562519073486328,-1022,1,15330,17474
1.6673190593719482,-1022,1,15330,17474
1.678570032119751,-1022,1,15330,17474
1.690274953842163,-611,1,9165,18085
1.7033228874206543,-611,1,9165,18085
1.7166030406951904,-611,1,9165,18085
1.7293438911437988,-611,1,9165,18085
1.7411670684814453,-671,1,10065,18756
1.752784013748169,-671,1,10065,18756
1.7667319774627686,-671,1,10065,18756
1.7782249450683594,-671,1,10065,18756
1.7907068729400635,-624,1,9360,19380
1.802372932434082,-624,1,9360,19380
1.8156108856201172,-624,1,9360,19380
1.827949047088623,-624,1,9360,19380
1.839303970336914,-373,1,5595,19753
1.8507678508758545,-373,1,5595,19753
1.8619940280914307,-373,1,5595,19753
1.8756928443908691,-373,1,5595,19753
1.8891429901123047,-606,1,9090,20359
1.9020259380340576,-606,1,9090,20359
1.9151890277862549,-606,1,9090,20359
1.9269640445709229,-606,1,9090,20359
1.939682960510254,-432,1,6480,20791
1.950592041015625,-432,1,6480,20791
1.9616260528564453,-432,1,6480,20791
1.973106861114502,-432,1,6480,20791
1.984771966934204,-357,1,5355,21148
1.9963359832763672,-357,1,5355,21148
2.008647918701172,-357,1,5355,21148
2.0201709270477295,-357,1,5355,21148
2.032881021499634,-204,1,3060,21148
2.0447869300842285,-204,1,3060,21352
2.0566470623016357,-204,1,3060,21352
2.0678789615631104,-204,1,3060,21352
2.0792739391326904,-204,1,3060,21352
2.091096878051758,-139,1,2085,21491
2.103163957595825,-139,1,2085,21491
2.1163558959960938,-139,1,2085,21491
2.1283469200134277,-139,1,2085,21491
2.139976978302002,-180,1,2700,21671
2.151236057281494,-180,1,2700,21671
2.162337064743042,-180,1,2700,21671
2.1757428646087646,-180,1,2700,21671
2.187830924987793,-322,1,4830,21993
2.199267864227295,-322,1,4830,21993
2.211030960083008,-322,1,4830,21993
2.224694013595581,-322,1,4830,21993
2.2376439571380615,-304,1,4560,22297
2.2495028972625732,-304,1,4560,22297
2.2633779048919678,-304,1,4560,22297
2.2749528884887695,-304,1,4560,22297
2.2865610122680664,-277,1,4155,22574
2.300238847732544,-277,1,4155,22574
2.311275005340576,-277,1,4155,22574
2.325199842453003,-277,1,4155,22574
2.3365068435668945,-192,1,2880,22766
2.3496298789978027,-192,1,2880,22766
2.361196994781494,-192,1,2880,22766
2.3729450702667236,-192,1,2880,22766
2.385451078414917,-203,1,3045,22969
2.396411895751953,-203,1,3045,22969
2.409113883972168,-203,1,3045,22969
2.4223358631134033,-203,1,3045,22969
2.4335439205169678,-337,1,5055,23306
2.444985866546631,-337,1,5055,23306
2.4570250511169434,-337,1,5055,23306
2.469352960586548,-337,1,5055,23306
2.4829020500183105,-361,1,5415,23667
2.494720935821533,-361,1,5415,23667
2.5063769817352295,-361,1,5415,23667
2.5173959732055664,-361,1,5415,23667
2.531826972961426,-361,1,5415,23667
2.5435760021209717,-279,1,4185,23946
2.556077003479004,-279,1,4185,23946
2.5670409202575684,-279,1,4185,23946
2.5785539150238037,-279,1,4185,23946
2.589761972427368,-227,1,3405,24173
2.6010918617248535,-227,1,3405,24173
2.6123809814453125,-227,1,3405,24173
2.6248579025268555,-227,1,3405,24173
2.635802984237671,-544,1,8160,24717
2.6469528675079346,-544,1,8160,24717
2.6584179401397705,-544,1,8160,24717
2.669726848602295,-544,1,8160,24717
2.682533025741577,-367,1,5505,25084
2.695352077484131,-367,1,5505,25084
2.709441900253296,-367,1,5505,25084
2.7215960025787354,-367,1,5505,25084
2.732590913772583,-346,1,5190,25430
2.744807004928589,-346,1,5190,25430
2.7572150230407715,-346,1,5190,25430
2.7684860229492188,-346,1,5190,25430
2.780458927154541,-346,1,5190,25430
2.792546033859253,-413,1,6195,25843
2.806041955947876,-413,1,6195,25843
2.8194940090179443,-413,1,6195,25843
2.8327338695526123,-763,1,11445,26606
2.8450920581817627,-763,1,11445,26606
2.859153985977173,-763,1,11445,26606
2.871196985244751,-763,1,11445,26606
2.884047031402588,-521,1,7815,27127
2.895272970199585,-521,1,7815,27127
2.908115863800049,-521,1,7815,27127
2.9201650619506836,-521,1,7815,27127
2.9320449829101562,-735,1,11025,27862
2.9444680213928223,-735,1,11025,27862
2.9570159912109375,-735,1,11025,27862
2.968641996383667,-735,1,11025,27862
2.9796080589294434,-735,1,11025,27862
2.9923908710479736,-536,1,8040,28398
3.006448984146118,-536,1,8040,28398
3.0180249214172363,-536,1,8040,28398
3.031904935836792,-536,1,6705,28398
3.0438549518585205,-447,1,6705,28845
3.0575389862060547,-447,1,6705,28845
3.0695650577545166,-447,1,6705,28845
3.082422971725464,-390,1,5850,29235
3.093806028366089,-390,1,5850,29235
3.108001947402954,-390,1,5850,29235
3.121034860610962,-390,1,5850,29235
3.134121894836426,-221,1,3315,29456
3.1454899311065674,-221,1,3315,29456
3.1576108932495117,-221,1,3315,29456
3.1689460277557373,-221,1,3315,29456
3.1806440353393555,-221,1,3315,29456
3.1923530101776123,-187,1,2805,29643
3.2058379650115967,-187,1,2805,29643
3.217639923095703,-187,1,2805,29643
3.2286648750305176,-187,1,2805,29643
3.241919994354248,-223,1,3345,29866
3.253005027770996,-223,1,3345,29866
3.2663538455963135,-223,1,3345,29866
3.2781429290771484,-223,1,3345,29866
3.2910189628601074,-209,1,3135,30075
3.304764986038208,-209,1,3135,30075
3.316941022872925,-209,1,3135,30075
3.328523874282837,-209,1,3135,30075
3.3416309356689453,-173,1,2595,30248
3.354996919631958,-173,1,2595,30248
3.3663270473480225,-173,1,2595,30248
3.377959966659546,-173,1,2595,30248
3.3898069858551025,-203,1,3045,30451
3.4012608528137207,-203,1,3045,30451
3.4127938747406006,-203,1,3045,30451
3.424625873565674,-203,1,3045,30451
3.436249017715454,-221,1,3315,30672
3.4476048946380615,-221,1,3315,30672
3.4593448638916016,-221,1,3315,30672
3.4710800647735596,-221,1,3315,30672
3.482569932937622,-327,1,4905,30999
3.494464874267578,-327,1,4905,30999
3.5083298683166504,-327,1,4905,30999
3.5218708515167236,-327,1,4905,30999
3.5333900451660156,-282,1,4230,31281
3.544895887374878,-282,1,4230,31281
3.558687925338745,-282,1,4230,31281
3.5717718601226807,-282,1,4230,31281
3.585160970687866,-423,1,6345,31704
3.5987179279327393,-423,1,6345,31704
3.612726926803589,-423,1,6345,31704
3.626924991607666,-423,1,6345,31704
3.638345956802368,-454,1,6810,32158
3.6495089530944824,-454,1,6810,32158
3.6616690158843994,-454,1,6810,32158
3.674116849899292,-454,1,6810,32158
3.6870028972625732,-306,1,4590,32464
3.699755907058716,-306,1,4590,32464
3.7113850116729736,-306,1,4590,32464
3.7249679565429688,-306,1,4590,32464
3.7381160259246826,-407,1,6105,32871
3.7496259212493896,-407,1,6105,32871
3.7612369060516357,-407,1,6105,32871
3.775136947631836,-407,1,6105,32871
3.7861030101776123,-577,1,8655,33448
3.799591064453125,-577,1,8655,33448
3.8119330406188965,-577,1,8655,33448
3.824383020401001,-577,1,8655,33448
3.8352789878845215,-492,1,7380,33940
3.8463850021362305,-492,1,7380,33940
3.858891010284424,-492,1,7380,33940
3.8712098598480225,-492,1,7380,33940
3.882251024246216,-474,1,7110,34414
3.8949718475341797,-474,1,7110,34414
3.9087319374084473,-474,1,7110,34414
3.9217140674591064,-474,1,7110,34414
3.9328150749206543,-593,1,8895,35007
3.946882963180542,-593,1,8895,35007
3.9585988521575928,-593,1,8895,35007
3.9700539112091064,-593,1,8895,35007
3.9817068576812744,-296,1,4440,35303
3.993422031402588,-296,1,4440,35303
4.004914999008179,-296,1,4440,35303
4.017032861709595,-296,1,4440,35303
4.029224872589111,-296,1,4440,35303
4.042527914047241,-666,1,9990,35969
4.056097030639648,-666,1,9990,35969
4.067301034927368,-666,1,9990,35969
4.078798055648804,-666,1,9990,35969
4.091301918029785,-995,1,14925,36964
4.104308843612671,-995,1,14925,36964
4.115973949432373,-995,1,14925,36964
4.127656936645508,-995,1,14925,36964
4.141324996948242,-340,1,5100,37304
4.154058933258057,-340,1,5100,37304
4.167541027069092,-340,1,5100,37304
4.17908787727356,-340,1,5100,37304
4.190656900405884,-403,1,6045,37707
4.202270984649658,-403,1,6045,37707
4.213907957077026,-403,1,6045,37707
4.225739002227783,-403,1,6045,37707
4.237365007400513,-643,1,9645,38350
4.250419855117798,-643,1,9645,38350
4.261977910995483,-643,1,9645,38350
4.276023864746094,-643,1,9645,38350
4.28777003288269,-316,1,4740,38666
4.2997448444366455,-316,1,4740,38666
4.3115808963775635,-316,1,4740,38666
4.32539701461792,-316,1,4740,38666
4.3375489711761475,-216,1,3240,38882
4.3503098487854,-216,1,3240,38882
4.361945867538452,-216,1,3240,38882
4.375570058822632,-216,1,3240,38882
4.3880250453948975,-624,1,9360,39506
4.399714946746826,-624,1,9360,39506
4.411586046218872,-624,1,9360,39506
4.423110008239746,-624,1,9360,39506
4.434457063674927,-412,1,6180,39918
4.446110963821411,-412,1,6180,39918
4.457682847976685,-412,1,6180,39918
4.469291925430298,-412,1,6180,39918
4.480978012084961,-169,1,2535,39918
4.492658853530884,-169,1,2535,40087
4.506101846694946,-169,1,2535,40087
4.517163991928101,-169,1,2535,40087
4.52874493598938,-169,1,2535,40087
4.541791915893555,-361,1,5415,40448
4.554414987564087,-361,1,5415,40448
4.567831039428711,-361,1,5415,40448
4.578629016876221,-361,1,5415,40448
4.590482950210571,-364,1,5460,40812
4.603919982910156,-364,1,5460,40812
4.618052005767822,-364,1,5460,40812
4.631957054138184,-228,1,3420,41040
4.64454984664917,-228,1,3420,41040
4.658859014511108,-228,1,3420,41040
4.6714699268341064,-228,1,3420,41040
4.6832358837127686,-94,1,1410,41134
4.6955790519714355,-94,1,1410,41134
4.70763087272644,-94,1,1410,41134
4.718631982803345,-94,1,1410,41134
4.729830026626587,-94,1,1410,41134
4.743818998336792,-21,1,315,41155
4.757462024688721,-21,1,315,41155
4.7684550285339355,-21,1,315,41155
4.78057599067688,43,-1,645,41155
4.793913841247559,43,-1,645,41112
4.806010007858276,43,-1,645,41112
4.8176109790802,43,-1,645,41112
4.829272031784058,43,-1,645,41112
4.8426549434661865,820,-1,12300,40292
4.856093883514404,820,-1,12300,40292
4.867307901382446,820,-1,12300,40292
4.878874063491821,820,-1,12300,40292
4.892704010009766,2278,-1,34170,38014
4.904530048370361,2278,-1,34170,38014
4.916873931884766,2278,-1,34170,38014
4.928817987442017,2278,-1,34170,38014
4.942625045776367,4196,-1,60000,33818
4.956081867218018,4196,-1,60000,33818
4.9685609340667725,4196,-1,60000,33818
4.980236053466797,1153,-1,17295,33818
4.991771936416626,1153,-1,17295,32665
5.003386974334717,1153,-1,17295,32665
5.015017032623291,1153,-1,17295,32665
5.02721905708313,1153,-1,17295,32665
5.041090965270996,4794,-1,60000,27871
5.052485942840576,4794,-1,60000,27871
5.0659120082855225,4794,-1,60000,27871
5.078842878341675,4794,-1,60000,27871
5.092525959014893,900,-1,13500,26971
5.1060950756073,900,-1,13500,26971
5.119487047195435,900,-1,13500,26971
5.132964849472046,1618,-1,24270,25353
5.1448140144348145,1618,-1,24270,25353
5.158366918563843,1618,-1,24270,25353
5.1706459522247314,1618,-1,24270,25353
5.181868076324463,1175,-1,17625,24178
5.1946940422058105,1175,-1,17625,24178
5.2083399295806885,1175,-1,17625,24178
5.219711065292358,1175,-1,17625,24178
5.231042861938477,778,-1,11670,23400
5.24226188659668,778,-1,11670,23400
5.253468990325928,778,-1,11670,23400
5.266887903213501,778,-1,11670,23400
5.2799530029296875,434,-1,6510,23400
5.2937798500061035,434,-1,6510,22966
5.305494070053101,434,-1,6510,22966
5.3175718784332275,434,-1,6510,22966
5.329020023345947,434,-1,6510,22966
5.3403639793396,473,-1,7095,22493
5.351959943771362,473,-1,7095,22493
5.363580942153931,473,-1,7095,22493
5.374892950057983,473,-1,7095,22493
5.386992931365967,302,-1,4530,22191
5.400078058242798,302,-1,4530,22191
5.4115989208221436,302,-1,4530,22191
5.425160884857178,302,-1,4530,22191
5.436720848083496,21,-1,315,22170
5.4504759311676025,21,-1,315,22170
5.462378978729248,21,-1,315,22170
5.474932909011841,21,-1,315,22170
5.486522912979126,3,-1,45,22167
5.500006914138794,3,-1,45,22167
5.511669874191284,3,-1,45,22167
5.525301933288574,3,-1,45,22167
5.537452936172485,4,-1,60,22163
5.550919055938721,4,-1,60,22163
5.5629119873046875,4,-1,60,22163
5.576190948486328,4,-1,60,22163
5.587195873260498,-2,1,30,22165
5.598329067230225,-2,1,30,22165
5.611552000045776,-2,1,30,22165
5.623192071914673,-2,1,30,22165
5.634839057922363,-3,1,45,22168
5.64630389213562,-3,1,45,22168
5.659060001373291,-3,1,45,22168
5.672508001327515,-3,1,45,22168
5.685319900512695,8,-1,120,22160
5.696866989135742,8,-1,120,22160
5.708477973937988,8,-1,120,22160
5.721415042877197,8,-1,120,22160
5.735285997390747,-5,1,75,22165
5.7465739250183105,-5,1,75,22165
5.759427070617676,-5,1,75,22165
5.772964000701904,-5,1,75,22165
5.784342050552368,3,-1,45,22162
5.795624017715454,3,-1,45,22162
5.809566020965576,3,-1,45,22162
5.822214841842651,3,-1,45,22162
5.834594964981079,1,-1,15,22161
5.8471360206604,1,-1,15,22161
5.859009027481079,1,-1,15,22161
5.871309041976929,1,-1,15,22161
5.884492874145508,-3,1,45,22164
5.897382020950317,-3,1,45,22164
5.9089930057525635,-3,1,45,22164
5.920580863952637,-3,1,45,22164
5.933824062347412,1,-1,15,22163
5.945891857147217,1,-1,15,22163
5.959848880767822,1,-1,15,22163
5.971740961074829,1,-1,15,22163
5.982691049575806,3,-1,45,22160
5.995245933532715,3,-1,45,22160
6.008930921554565,3,-1,45,22160
6.021596908569336,3,-1,45,22160
6.0338239669799805,-3,1,45,22163
6.045973062515259,-3,1,45,22163
6.059197902679443,-3,1,45,22163
6.071819067001343,-3,1,45,22163
6.083150863647461,1,-1,15,22162
6.095200061798096,1,-1,15,22162
6.1063408851623535,1,-1,15,22162
6.118000030517578,1,-1,15,22162
6.129591941833496,0,-1,0,22162
6.1411919593811035,0,-1,0,22162
6.152831077575684,0,-1,0,22162
6.164408922195435,0,-1,0,22162
6.176010847091675,0,-1,0,22162
6.187625885009766,1,-1,15,22161
6.199259996414185,1,-1,15,22161
6.210991859436035,1,-1,15,22161
6.222460985183716,1,-1,15,22161
6.234256982803345,7,-1,105,22154
6.246145963668823,7,-1,105,22154
6.260113954544067,7,-1,105,22154
6.273666858673096,7,-1,105,22154
6.285759925842285,33,-1,495,22121
6.2966718673706055,33,-1,495,22121
6.309556007385254,33,-1,495,22121
6.321418046951294,33,-1,495,22121
6.333921909332275,33,-1,495,22088
6.345799922943115,33,-1,495,22088
6.359569072723389,33,-1,495,22088
6.372735977172852,33,-1,495,22088
6.38498592376709,10,-1,150,22078
6.397012948989868,10,-1,150,22078
6.408232927322388,10,-1,150,22078
6.420217990875244,10,-1,150,22078
6.431522846221924,0,-1,0,22078
6.443986892700195,0,-1,0,22078
6.45748496055603,0,-1,0,22078
6.469266891479492,0,-1,0,22078
6.481148958206177,-4,1,60,22082
6.494415998458862,-4,1,60,22082
6.507876873016357,-4,1,60,22082
6.518863916397095,-4,1,60,22082
6.530300855636597,-14,1,210,22096
6.541441917419434,-14,1,210,22096
6.554419040679932,-14,1,210,22096
6.565356969833374,-14,1,210,22096
6.578763961791992,-14,1,210,22096
6.590620040893555,-21,1,315,22117
6.604176044464111,-21,1,315,22117
6.6173388957977295,-21,1,315,22117
6.629448890686035,-15,1,225,22132
6.640801906585693,-15,1,225,22132
6.652277946472168,-15,1,225,22132
6.663733005523682,-15,1,225,22132
6.67554497718811,-15,1,225,22132
6.686862945556641,4,-1,60,22128
6.698525905609131,4,-1,60,22128
6.71135401725769,4,-1,60,22128
6.7224578857421875,4,-1,60,22128
6.733818054199219,-2,1,30,22130
6.7461769580841064,-2,1,30,22130
6.759614944458008,-2,1,30,22130
6.770977973937988,-2,1,30,22130
6.78190803527832,8,-1,120,22122
6.794010877609253,8,-1,120,22122
6.805866956710815,8,-1,120,22122
6.8175859451293945,8,-1,120,22122
6.829531908035278,19,-1,285,22103
6.843498945236206,19,-1,285,22103
6.855973958969116,19,-1,285,22103
6.868330955505371,19,-1,285,22103
6.8800060749053955,10,-1,150,22093
6.893518924713135,10,-1,150,22093
6.9070000648498535,10,-1,150,22093
6.919089078903198,10,-1,150,22093
6.930710077285767,-2,1,30,22095
6.942566871643066,-2,1,30,22095
6.955214023590088,-2,1,30,22095
6.967665910720825,-2,1,30,22095
6.979748964309692,-8,1,120,22103
6.993772029876709,-8,1,120,22103
7.007339000701904,-8,1,120,22103
7.018507957458496,-8,1,120,22103
7.029999017715454,-18,1,270,22121
7.043797969818115,-18,1,270,22121
7.056005954742432,-18,1,270,22121
7.067399978637695,-18,1,270,22121
7.081687927246094,3,-1,45,22118
7.09334397315979,3,-1,45,22118
7.105737924575806,3,-1,45,22118
7.117684841156006,3,-1,45,22118
7.129409074783325,1,-1,15,22117
7.142165899276733,1,-1,15,22117
7.153137922286987,1,-1,15,22117
7.164433002471924,1,-1,15,22117
7.176199913024902,1,-1,15,22117
7.189610004425049,3,-1,45,22114
7.202367067337036,3,-1,45,22114
7.213742017745972,3,-1,45,22114
7.227643966674805,3,-1,45,22114
7.239491939544678,-5,1,75,22119
7.25050687789917,-5,1,75,22119
7.262579917907715,-5,1,75,22119
7.276289939880371,-5,1,75,22119
7.289684057235718,-392,1,5880,22511
7.30231499671936,-392,1,5880,22511
7.314105033874512,-392,1,5880,22511
7.325430870056152,-392,1,5880,22511
7.33703088760376,-2859,1,42885,25370
7.348676919937134,-2859,1,42885,25370
7.360306978225708,-2859,1,42885,25370
7.371856927871704,-2859,1,42885,25370
7.38399600982666,-4312,1,60000,29682
7.395799875259399,-4312,1,60000,29682
7.407052040100098,-4312,1,60000,29682
7.418397903442383,-4312,1,60000,29682
7.429988861083984,-305,1,4575,29987
7.441792964935303,-305,1,4575,29987
7.453575849533081,-305,1,4575,29987
7.464782953262329,-305,1,4575,29987
7.476611852645874,-305,1,4575,29987
7.4879889488220215,-4048,1,60000,34035
7.4996819496154785,-4048,1,60000,34035
7.5112879276275635,-4048,1,60000,34035
7.523077964782715,-4048,1,60000,34035
7.534435987472534,-210,1,3150,34245
7.546678066253662,-210,1,3150,34245
7.560659885406494,-210,1,3150,34245
7.574130058288574,-210,1,3150,34245
7.586469888687134,-1300,1,19500,35545
7.599923849105835,-1300,1,19500,35545
7.613724946975708,-1300,1,19500,35545
7.627562046051025,-1300,1,19500,35545
7.639167070388794,-169,1,2535,35714
7.650546073913574,-169,1,2535,35714
7.662358045578003,-169,1,2535,35714
7.673724889755249,-169,1,2535,35714
7.685215950012207,-542,1,8130,36256
7.699384927749634,-542,1,8130,36256
7.711931943893433,-542,1,8130,36256
7.723378896713257,-542,1,8130,36256
7.7356648445129395,-662,1,9930,36918
7.749719858169556,-662,1,9930,36918
7.762726068496704,-662,1,9930,36918
7.776705980300903,-662,1,9930,36918
7.790099859237671,-737,1,11055,37655
7.801612854003906,-737,1,11055,37655
7.813438892364502,-737,1,11055,37655
7.826709985733032,-737,1,11055,37655
7.838593006134033,-1028,1,15420,38683
7.849595069885254,-1028,1,15420,38683
7.862688064575195,-1028,1,15420,38683
7.876626968383789,-1028,1,15420,38683
7.8899760246276855,-680,1,10200,39363
7.901484966278076,-680,1,10200,39363
7.913300037384033,-680,1,10200,39363
7.927123069763184,-680,1,10200,39363
7.9383909702301025,-439,1,6585,39802
7.951894998550415,-439,1,6585,39802
7.964016914367676,-439,1,6585,39802
7.9756178855896,-439,1,6585,39802
7.987230062484741,-181,1,2715,39983
7.99888801574707,-181,1,2715,39983
8.010459899902344,-181,1,2715,39983
8.02205491065979,-181,1,2715,39983
8.03417706489563,-84,1,1260,40067
8.046247959136963,-84,1,1260,40067
8.059834003448486,-84,1,1260,40067
8.072218894958496,-84,1,1260,40067
8.084621906280518,-33,1,495,40100
8.096253871917725,-33,1,495,40100
8.109976053237915,-33,1,495,40100
8.122150897979736,-33,1,495,40100
8.135274887084961,-30,1,450,40130
8.149780988693237,-30,1,450,40130
8.161473035812378,-30,1,450,40130
8.17298698425293,-30,1,450,40130
8.184617042541504,-10,1,150,40140
8.196745872497559,-10,1,150,40140
8.210216045379639,-10,1,150,40140
8.223659992218018,-10,1,150,40140
8.235692024230957,-14,1,210,40154
8.247660875320435,-14,1,210,40154
8.259634017944336,-14,1,210,40154
8.272615909576416,-14,1,210,40154
8.285178899765015,-10,1,150,40164
8.296730041503906,-10,1,150,40164
8.310060024261475,-10,1,150,40164
8.323323011398315,-10,1,150,40164
8.33560585975647,-3,1,45,40167
8.347704887390137,-3,1,45,40167
8.359003067016602,-3,1,45,40167
8.370342016220093,-3,1,45,40167
8.381980895996094,-5,1,75,40172
8.393624067306519,-5,1,75,40172
8.405189990997314,-5,1,75,40172
8.418406009674072,-5,1,75,40172
8.43000602722168,2,-1,30,40170
8.443678855895996,2,-1,30,40170
8.455157995223999,2,-1,30,40170
8.468081951141357,2,-1,30,40170
8.479810953140259,2,-1,30,40168
8.49353289604187,2,-1,30,40168
8.506476879119873,2,-1,30,40168
8.518884897232056,2,-1,30,40168
8.531345844268799,4,-1,60,40164
8.544504880905151,4,-1,60,40164
8.55771803855896,4,-1,60,40164
8.56983494758606,4,-1,60,40164
8.581743955612183,-2,1,30,40166
8.59581995010376,-2,1,30,40166
8.607043027877808,-2,1,30,40166
8.618381977081299,-2,1,30,40166
8.630470991134644,2,-1,30,40164
8.643594980239868,2,-1,30,40164
8.654922008514404,2,-1,30,40164
8.668038845062256,2,-1,30,40164
8.679849863052368,1,-1,15,40163
8.691405057907104,1,-1,15,40163
8.702867984771729,1,-1,15,40163
8.713890075683594,1,-1,15,40163
8.726503849029541,1,-1,15,40163
8.738402843475342,0,-1,0,40163
8.749397993087769,0,-1,0,40163
8.762104988098145,0,-1,0,40163
8.774569034576416,0,-1,0,40163
8.787607908248901,1,-1,15,40162
8.799926996231079,1,-1,15,40162
8.813251972198486,1,-1,15,40162
8.826866865158081,1,-1,15,40162
8.83981204032898,4,-1,60,40158
8.851846933364868,4,-1,60,40158
8.864970922470093,4,-1,60,40158
8.87851095199585,75,-1,1125,40083
8.892060995101929,75,-1,1125,40083
8.904842853546143,75,-1,1125,40083
8.916507959365845,75,-1,1125,40083
8.92747688293457,283,-1,4245,39800
8.939512968063354,283,-1,4245,39800
8.95091700553894,283,-1,4245,39800
8.962594032287598,283,-1,4245,39800
8.974340915679932,283,-1,4245,39800
8.986199855804443,130,-1,1950,39670
8.997618913650513,130,-1,1950,39670
9.009168863296509,130,-1,1950,39670
9.020534992218018,130,-1,1950,39670
9.033772945404053,62,-1,930,39608
9.04677700996399,62,-1,930,39608
9.060939073562622,62,-1,930,39608
9.074110984802246,62,-1,930,39608
9.085144996643066,59,-1,885,39549
9.096812009811401,59,-1,885,39549
9.11101484298706,59,-1,885,39549
9.12448000907898,59,-1,885,39549
9.137045860290527,229,-1,3435,39320
9.148762941360474,229,-1,3435,39320
9.160201072692871,229,-1,3435,39320
9.171474933624268,229,-1,3435,39320
9.18311595916748,682,-1,10230,38638
9.194782972335815,682,-1,10230,38638
9.206281900405884,682,-1,10230,38638
9.219089984893799,682,-1,10230,38638
9.231282949447632,386,-1,5790,38252
9.244044065475464,386,-1,5790,38252
9.257778882980347,386,-1,5790,38252
9.270434856414795,386,-1,5790,38252
9.282132863998413,124,-1,1860,38128
9.294508934020996,124,-1,1860,38128
9.305372953414917,124,-1,1860,38128
9.318750858306885,124,-1,1860,38128
9.331407070159912,232,-1,3480,37896
9.344632863998413,232,-1,3480,37896
9.357225894927979,232,-1,3480,37896
9.368895053863525,232,-1,3480,37896
9.380506992340088,416,-1,6240,37480
9.39404296875,416,-1,6240,37480
9.407460927963257,416,-1,6240,37480
9.419380903244019,416,-1,6240,37480
9.431001901626587,159,-1,2385,37321
9.44433307647705,159,-1,2385,37321
9.4561128616333,159,-1,2385,37321
9.468551874160767,159,-1,2385,37321
9.480360984802246,59,-1,885,37262
9.494044065475464,59,-1,885,37262
9.505070924758911,59,-1,885,37262
9.51886796951294,59,-1,885,37262
9.531462907791138,43,-1,645,37219
9.542994022369385,43,-1,645,37219
9.555525064468384,43,-1,645,37219
9.56927490234375,43,-1,645,37219
9.580841064453125,63,-1,945,37156
9.594214916229248,63,-1,945,37156
9.6074960231781,63,-1,945,37156
9.618640899658203,63,-1,945,37156
9.630424976348877,106,-1,1590,37050
9.642552852630615,106,-1,1590,37050
9.655926942825317,106,-1,1590,37050
9.66685700416565,106,-1,1590,37050
9.679566860198975,174,-1,2610,36876
9.693042993545532,174,-1,2610,36876
9.705519914627075,174,-1,2610,36876
9.71717095375061,174,-1,2610,36876
9.73041296005249,141,-1,2115,36735
9.744107007980347,141,-1,2115,36735
9.755086898803711,141,-1,2115,36735
9.766036987304688,141,-1,2115,36735
9.777899026870728,132,-1,1980,36603
9.79149603843689,132,-1,1980,36603
9.802567958831787,132,-1,1980,36603
9.814365863800049,132,-1,1980,36603
9.827897071838379,273,-1,4095,36330
9.839346885681152,273,-1,4095,36330
9.85214900970459,273,-1,4095,36330
9.86384105682373,273,-1,4095,36330
9.878092050552368,1003,-1,15045,35327
9.891381025314331,1003,-1,15045,35327
9.903331995010376,1003,-1,15045,35327
9.914721965789795,1003,-1,15045,35327
9.926143884658813,1003,-1,15045,35327
9.93777585029602,517,-1,7755,34810
9.94866394996643,517,-1,7755,34810
9.962049007415771,517,-1,7755,34810
9.975425004959106,517,-1,7755,34810
9.987690925598145,687,-1,10305,34123
9.998770952224731,687,-1,10305,34123
10.010263919830322,687,-1,10305,34123
10.021892070770264,687,-1,10305,34123
10.033766984939575,626,-1,9390,33497
10.045150995254517,626,-1,9390,33497
10.056920051574707,626,-1,9390,33497
10.069840908050537,626,-1,9390,33497
10.082175016403198,615,-1,9225,32882
10.096097946166992,615,-1,9225,32882
10.109070062637329,615,-1,9225,32882
10.121173858642578,615,-1,9225,32882
10.134671926498413,483,-1,7245,32399
10.148159980773926,483,-1,7245,32399
10.161831855773926,483,-1,7245,32399
10.17522406578064,483,-1,7245,32399
10.186869859695435,373,-1,5595,32026
10.198065996170044,373,-1,5595,32026
10.210842847824097,373,-1,5595,32026
10.221930027008057,373,-1,5595,32026
10.233268022537231,312,-1,4680,31714
10.246091842651367,312,-1,4680,31714
10.259624004364014,312,-1,4680,31714
10.271234035491943,312,-1,4680,31714
10.28253984451294,326,-1,4890,31388
10.295330047607422,326,-1,4890,31388
10.308589935302734,326,-1,4890,31388
10.320877075195312,326,-1,4890,31388
10.332506895065308,314,-1,4710,31074
10.34434199333191,314,-1,4710,31074
10.35595703125,314,-1,4710,31074
10.369368076324463,314,-1,4710,31074
10.380775928497314,323,-1,4845,30751
10.394402980804443,323,-1,4845,30751
10.406687021255493,323,-1,4845,30751
10.419048070907593,323,-1,4845,30751
10.4308500289917,354,-1,5310,30397
10.444472074508667,354,-1,5310,30397
10.45705795288086,354,-1,5310,30397
10.469446897506714,354,-1,5310,30397
10.483500957489014,383,-1,5745,30014
10.49517297744751,383,-1,5745,30014
10.50664496421814,383,-1,5745,30014
10.518388032913208,383,-1,5745,30014
10.530184984207153,399,-1,5985,29615
10.541723012924194,399,-1,5985,29615
10.55325984954834,399,-1,5985,29615
10.564977884292603,399,-1,5985,29615
10.576323986053467,443,-1,6645,29172
10.588154077529907,443,-1,6645,29172
10.599539995193481,443,-1,6645,29172
10.611377000808716,443,-1,6645,29172
10.622899055480957,443,-1,6645,29172
10.634955883026123,519,-1,7785,28653
10.647829055786133,519,-1,7785,28653
10.66006088256836,519,-1,7785,28653
10.67328405380249,519,-1,7785,28653
10.685714960098267,539,-1,8085,28114
10.698292970657349,539,-1,8085,28114
10.712228059768677,539,-1,8085,28114
10.72378396987915,539,-1,8085,28114
10.735748052597046,495,-1,7425,27619
10.748337030410767,495,-1,7425,27619
10.761505842208862,495,-1,7425,27619
10.774883031845093,495,-1,7425,27619
10.78673791885376,513,-1,7695,27106
10.798928022384644,513,-1,7695,27106
10.812175035476685,513,-1,7695,27106
10.825680017471313,355,-1,5325,27106
10.837242841720581,355,-1,5325,26751
10.848649024963379,355,-1,5325,26751
10.861325025558472,355,-1,5325,26751
10.873424053192139,355,-1,5325,26751
10.88625192642212,209,-1,3135,26542
10.898587942123413,209,-1,3135,26542
10.91193699836731,209,-1,3135,26542
10.924599885940552,209,-1,3135,26542
10.936331987380981,481,-1,7215,26061
10.948117971420288,481,-1,7215,26061
10.95969295501709,481,-1,7215,26061
10.971266031265259,481,-1,7215,26061
10.9827139377594,601,-1,9015,25460
10.99647307395935,601,-1,9015,25460
11.008295059204102,601,-1,9015,25460
11.020201921463013,601,-1,9015,25460
11.033849000930786,457,-1,6855,25003
11.044976949691772,457,-1,6855,25003
11.057132005691528,457,-1,6855,25003
11.070608854293823,457,-1,6855,25003
11.082788944244385,585,-1,8775,24418
11.095026016235352,585,-1,8775,24418
11.10851001739502,585,-1,8775,24418
11.119617938995361,585,-1,8775,24418
11.131151914596558,491,-1,7365,23927
11.145205020904541,491,-1,7365,23927
11.157098054885864,491,-1,7365,23927
11.169764995574951,491,-1,7365,23927
11.181763887405396,241,-1,3615,23686
11.195564985275269,241,-1,3615,23686
11.208132982254028,241,-1,3615,23686
11.2207350730896,241,-1,3615,23686
11.235415935516357,197,-1,2955,23489
11.24790096282959,197,-1,2955,23489
11.261313915252686,197,-1,2955,23489
11.272924900054932,197,-1,2955,23489
11.284566879272461,297,-1,4455,23192
11.297877073287964,297,-1,4455,23192
11.311564922332764,297,-1,4455,23192
11.323890924453735,297,-1,4455,23192
11.336734056472778,392,-1,5880,22800
11.34854793548584,392,-1,5880,22800
11.36255693435669,392,-1,5880,22800
11.375062942504883,392,-1,6000,22800
11.388439893722534,400,-1,6000,22400
11.399635076522827,400,-1,6000,22400
11.41226601600647,400,-1,6000,22400
11.424131870269775,400,-1,6000,22400
11.43694806098938,308,-1,4620,22092
11.448535919189453,308,-1,4620,22092
11.461994886398315,308,-1,4620,22092
11.473702907562256,308,-1,4620,22092
11.487153053283691,351,-1,5265,21741
11.501074075698853,351,-1,5265,21741
11.51460886001587,351,-1,5265,21741
11.528619050979614,295,-1,4425,21446
11.540220975875854,295,-1,4425,21446
11.551667928695679,295,-1,4425,21446
11.564651012420654,295,-1,4425,21446
11.578371047973633,288,-1,4320,21158
11.589854001998901,288,-1,4320,21158
11.602969884872437,288,-1,4320,21158
11.614670991897583,288,-1,4320,21158
11.62834906578064,316,-1,4740,20842
11.641838073730469,316,-1,4740,20842
11.653311014175415,316,-1,4740,20842
11.665205001831055,316,-1,4740,20842
11.678314924240112,393,-1,5895,20449
11.691170930862427,393,-1,5895,20449
11.703830003738403,393,-1,5895,20449
11.71609091758728,393,-1,5895,20449
11.7274649143219,589,-1,8835,19860
11.73904299736023,589,-1,8835,19860
11.75263500213623,589,-1,8835,19860
11.764776945114136,589,-1,8835,19860
11.778475046157837,628,-1,9420,19232
11.791929006576538,628,-1,9420,19232
11.803295850753784,628,-1,9420,19232
11.814764022827148,628,-1,9420,19232
11.82901906967163,388,-1,5820,18844
11.841804027557373,388,-1,5820,18844
11.854744911193848,388,-1,5820,18844
11.866271018981934,388,-1,5820,18844
11.87918996810913,477,-1,7155,18367
11.891797065734863,477,-1,7155,18367
11.903512001037598,477,-1,7155,18367
11.915448904037476,477,-1,7155,18367
11.927309036254883,445,-1,6675,17922
11.939291000366211,445,-1,6675,17922
11.950224876403809,445,-1,6675,17922
11.961674928665161,445,-1,6675,17922
11.972563028335571,445,-1,6675,17922
11.983598947525024,242,-1,3630,17680
11.997251033782959,242,-1,3630,17680
12.010864973068237,242,-1,3630,17680
12.023988962173462,242,-1,3630,17680
12.037201881408691,122,-1,1830,17558
12.050822019577026,122,-1,1830,17558
12.063746929168701,122,-1,1830,17558
12.077679872512817,61,-1,915,17497
12.090594053268433,61,-1,915,17497
12.103534936904907,61,-1,915,17497
12.118170022964478,61,-1,915,17497
12.131633996963501,37,-1,555,17460
12.143959045410156,37,-1,555,17460
12.155308961868286,37,-1,555,17460
12.167011976242065,37,-1,555,17460
12.179158926010132,91,-1,1365,17369
12.190140008926392,91,-1,1365,17369
12.201767921447754,91,-1,1365,17369
12.21503496170044,91,-1,1365,17369
12.228637933731079,77,-1,1155,17292
12.239856958389282,77,-1,1155,17292
12.253254890441895,77,-1,1155,17292
12.26629900932312,77,-1,1155,17292
12.280245065689087,92,-1,1380,17200
12.293810844421387,92,-1,1380,17200
12.30623197555542,92,-1,1380,17200
12.317892074584961,92,-1,1380,17200
