0.012692928314208984,1110,1,16650,14810,1
0.026083946228027344,1110,1,16650,14810,1
0.03983592987060547,1110,1,16650,14810,1
0.05139493942260742,1110,1,16650,14810,1
0.06396913528442383,1109,1,16635,14809,1
0.07811594009399414,1109,1,16635,14809,1
0.09072303771972656,1109,1,16635,14809,1
0.1025240421295166,1109,1,16635,14809,1
0.11642193794250488,1109,1,16635,14809,1
0.1300339698791504,1109,1,16635,14809,1
0.1416621208190918,1109,1,16635,14809,1
0.1527550220489502,1109,1,16635,14809,1
0.16673493385314941,1109,1,16635,14809,1
0.18108510971069336,1109,1,16635,14809,1
0.19230294227600098,1109,1,16635,14809,1
0.20361590385437012,1109,1,16635,14809,1
0.21619701385498047,1110,1,16650,14810,1
0.22892498970031738,1110,1,16650,14810,1
0.2414989471435547,1110,1,16650,14810,1
0.2530500888824463,1110,1,16650,14810,1
0.2653799057006836,1111,1,16665,14811,1
0.2777860164642334,1111,1,16665,14811,1
0.28989505767822266,1111,1,16665,14811,1
0.30129408836364746,1111,1,16665,14811,1
0.3149440288543701,1110,1,16650,14810,1
0.3285250663757324,1110,1,16650,14810,1
0.34122705459594727,1110,1,16650,14810,1
0.35305094718933105,1110,1,16650,14810,1
0.3671150207519531,1102,1,16530,14802,1
0.38082408905029297,1102,1,16530,14802,1
0.392103910446167,1102,1,16530,14802,1
0.40583109855651855,1102,1,16530,14802,1
0.41797804832458496,282,1,4230,13982,1
0.43201494216918945,282,1,4230,13982,1
0.4448740482330322,282,1,4230,13982,1
0.4567399024963379,282,1,4230,13982,1
0.4686009883880615,1409,-1,21135,12291,-1
0.48261499404907227,1409,-1,21135,12291,-1
0.49643707275390625,1409,-1,21135,12291,-1
0.5078840255737305,1409,-1,36990,12291,-1
0.5198171138763428,2466,-1,36990,11234,-1
0.5325160026550293,2466,-1,36990,11234,-1
0.5456080436706543,2466,-1,36990,11234,-1
0.5572309494018555,2466,-1,36990,11234,-1
0.5694930553436279,2446,-1,36690,11254,-1
0.5820839405059814,2446,-1,36690,11254,-1
0.5944781303405762,2446,-1,36690,11254,-1
0.6066601276397705,2446,-1,36690,11254,-1
0.6187999248504639,2330,-1,34950,11370,-1
0.6307461261749268,2330,-1,34950,11370,-1
0.6418390274047852,2330,-1,34950,11370,-1
0.655872106552124,2330,-1,34950,11370,-1
0.6690590381622314,2302,-1,34530,11398,-1
0.6835720539093018,2302,-1,34530,11398,-1
0.6962199211120605,2302,-1,34530,11398,-1
0.7075469493865967,2302,-1,34530,11398,-1
0.7191619873046875,2287,-1,34305,11413,-1
0.7332870960235596,2287,-1,34305,11413,-1
0.7469570636749268,2287,-1,34305,11413,-1
0.7585549354553223,2273,-1,34095,11427,-1
0.7711000442504883,2273,-1,34095,11427,-1
0.7831709384918213,2273,-1,34095,11427,-1
0.7956781387329102,2273,-1,34095,11427,-1
0.8069429397583008,2273,-1,34095,11427,-1
0.8189001083374023,2264,-1,33960,11436,-1
0.8321371078491211,2264,-1,33960,11436,-1
0.845832109451294,2264,-1,33960,11436,-1
0.8571140766143799,2264,-1,33960,11436,-1
0.868232011795044,2252,-1,33780,11448,-1
0.8828039169311523,2252,-1,33780,11448,-1
0.8941290378570557,2252,-1,33780,11448,-1
0.9072511196136475,2252,-1,33780,11448,-1
0.9189181327819824,2244,-1,33660,11456,-1
0.9329390525817871,2244,-1,33660,11456,-1
0.9462339878082275,2244,-1,33660,11456,-1
0.9575729370117188,2244,-1,33600,11456,-1
0.9699211120605469,2240,-1,33600,11460,-1
0.9827940464019775,2240,-1,33600,11460,-1
0.9955379962921143,2240,-1,33600,11460,-1
1.0076580047607422,2237,-1,33555,11460,-1
1.019503116607666,2237,-1,33555,11463,-1
1.0318670272827148,2237,-1,33555,11463,-1
1.0454740524291992,2237,-1,33555,11463,-1
1.0572149753570557,2237,-1,33555,11463,-1
1.0696001052856445,2239,-1,33585,11461,-1
1.0825779438018799,2239,-1,33585,11461,-1
1.095552921295166,2239,-1,33585,11461,-1
1.1068401336669922,2239,-1,33585,11461,-1
1.1190519332885742,2236,-1,33540,11464,-1
1.1330320835113525,2236,-1,33540,11464,-1
1.1441209316253662,2236,-1,33540,11464,-1
1.1579411029815674,2278,-1,34170,11422,-1
1.1694049835205078,2278,-1,34170,11422,-1
1.181541919708252,2278,-1,34170,11422,-1
1.1939969062805176,2278,-1,34170,11422,-1
1.206705093383789,2278,1,11610,11422,-1
1.2190520763397217,774,1,11610,9474,-1
1.233309030532837,774,1,11610,9474,-1
1.2446880340576172,774,1,11610,9474,-1
1.255856990814209,774,1,11610,9474,-1
1.2683980464935303,1740,-1,26100,6960,-1
1.283121109008789,1740,-1,26100,6960,-1
1.2968800067901611,1740,-1,26100,6960,-1
1.308485984802246,1729,-1,25935,6971,-1
1.3198621273040771,1729,-1,25935,6971,-1
1.332150936126709,1729,-1,25935,6971,-1
1.3451340198516846,1729,-1,25935,6971,-1
1.356821060180664,1729,-1,25935,6971,-1
1.3690729141235352,1724,-1,25860,6976,-1
1.3818120956420898,1724,-1,25860,6976,-1
1.3954079151153564,1724,-1,25860,6976,-1
1.408154010772705,1724,-1,25860,6976,-1
1.4198341369628906,1724,-1,25860,6976,-1
1.4316020011901855,1724,-1,25860,6976,-1
1.4451820850372314,1724,-1,25860,6976,-1
1.4571499824523926,1724,-1,25860,6976,-1
1.469067096710205,1724,-1,25860,6976,-1
1.4831440448760986,1724,-1,25860,6976,-1
1.4969689846038818,1724,-1,25860,6976,-1
1.50888991355896,1722,-1,25830,6978,-1
1.5201480388641357,1722,-1,25830,6978,-1
1.5331881046295166,1722,-1,25830,6978,-1
1.5462160110473633,1722,-1,25830,6978,-1
1.5577549934387207,1724,-1,25860,6976,-1
1.569662094116211,1724,-1,25860,6976,-1
1.5820040702819824,1724,-1,25860,6976,-1
1.594559907913208,1724,-1,25860,6976,-1
1.6075870990753174,1725,-1,25875,6975,-1
1.6194989681243896,1725,-1,25875,6975,-1
1.6334590911865234,1725,-1,25875,6975,-1
1.6472270488739014,1725,-1,25875,6975,-1
1.6594679355621338,1723,-1,25845,6977,-1
1.6724591255187988,1723,-1,25845,6977,-1
1.6844251155853271,1723,-1,25845,6977,-1
1.6982269287109375,1723,-1,25845,6977,-1
1.711806058883667,1723,-1,25845,6977,-1
1.7255139350891113,1723,-1,25845,6977,-1
1.738055944442749,1723,-1,25845,6977,-1
1.7519619464874268,1723,-1,25845,6977,-1
1.7656440734863281,1723,-1,25845,6977,-1
1.779210090637207,1723,-1,25845,6977,-1
1.7913250923156738,1723,-1,25845,6977,-1
1.803934097290039,1723,-1,25845,6977,-1
1.8163540363311768,1723,-1,25845,6977,-1
1.8298110961914062,1723,-1,25845,6977,-1
1.8413639068603516,1723,-1,25845,6977,-1
1.854443073272705,1723,-1,25845,6977,-1
1.8664500713348389,1723,-1,25845,6977,-1
1.880202054977417,1723,-1,25845,6977,-1
1.8923230171203613,1723,-1,25845,6977,-1
1.9038701057434082,1723,-1,25845,6977,-1
1.9169111251831055,1695,-1,25425,7005,-1
1.9306061267852783,1695,-1,25425,7005,-1
1.9424529075622559,1695,-1,25425,7005,-1
1.9536809921264648,1695,-1,25425,7005,-1
1.9671471118927002,1188,-1,17820,7512,-1
1.9793739318847656,1188,-1,17820,7512,-1
1.991534948348999,1188,-1,17820,7512,-1
2.0029730796813965,1188,-1,17820,7512,-1
2.017915964126587,2099,1,31485,10799,-1
2.0315821170806885,2099,1,31485,10799,-1
2.0451791286468506,2099,1,31485,10799,-1
2.05798602104187,1357,-1,20355,12343,-1
2.069904088973999,1357,-1,20355,12343,-1
2.0821170806884766,1357,-1,20355,12343,-1
2.095737934112549,1357,-1,20355,12343,-1
2.1087989807128906,1357,-1,20355,12343,-1
2.1209709644317627,1357,-1,20355,12343,-1
2.1333529949188232,1357,-1,20355,12343,-1
2.146265983581543,1357,-1,20355,12343,-1
2.1575419902801514,1358,-1,20370,12342,-1
2.169917106628418,1358,-1,20370,12342,-1
2.1821179389953613,1358,-1,20370,12342,-1
2.1948580741882324,1358,-1,20370,12342,-1
2.206031084060669,1358,-1,20370,12342,-1
2.2188501358032227,1355,-1,20325,12345,-1
2.232630968093872,1355,-1,20325,12345,-1
2.245512008666992,1355,-1,20325,12345,-1
2.257089138031006,1356,-1,20340,12344,-1
2.2689220905303955,1356,-1,20340,12344,-1
2.283673048019409,1356,-1,20340,12344,-1
2.297321081161499,1356,-1,20340,12344,-1
2.3092129230499268,1359,-1,20385,12341,-1
2.3210289478302,1359,-1,20385,12341,-1
2.3350651264190674,1359,-1,20385,12341,-1
2.3488049507141113,1359,-1,20385,12341,-1
2.3598830699920654,1358,-1,20370,12342,-1
2.3737950325012207,1358,-1,20370,12342,-1
2.3856351375579834,1358,-1,20370,12342,-1
2.3997249603271484,1358,-1,20370,12342,-1
2.4133200645446777,1358,-1,20370,12342,-1
2.425328016281128,1358,-1,20370,12342,-1
2.4369940757751465,1358,-1,20370,12342,-1
2.4503939151763916,1358,-1,20370,12342,-1
2.4626801013946533,1359,-1,20385,12341,-1
2.4740869998931885,1359,-1,20385,12341,-1
2.486298084259033,1359,-1,20385,12341,-1
2.5009090900421143,1359,-1,20385,12341,-1
2.512800931930542,1358,-1,20370,12342,-1
2.5240259170532227,1358,-1,20370,12342,-1
2.536094903945923,1358,-1,20370,12342,-1
2.548835039138794,1358,-1,20370,12342,-1
2.5613529682159424,1359,-1,20385,12341,-1
2.5744359493255615,1359,-1,20385,12341,-1
2.5863139629364014,1359,-1,20385,12341,-1
2.598926067352295,1359,-1,20385,12341,-1
2.6115610599517822,1360,-1,20400,12340,-1
2.6240720748901367,1360,-1,20400,12340,-1
2.636169910430908,1360,-1,20400,12340,-1
2.649096965789795,1360,-1,20400,12340,-1
2.660236120223999,1359,-1,20385,12341,-1
2.674298048019409,1359,-1,20385,12341,-1
2.6861650943756104,1359,-1,20385,12341,-1
2.6989729404449463,1359,-1,20385,12341,-1
2.712559938430786,1326,-1,19890,12374,-1
2.7257120609283447,1326,-1,19890,12374,-1
2.738318920135498,1326,-1,19890,12374,-1
2.7524490356445312,1326,-1,19890,12374,-1
2.766447067260742,416,-1,6240,13284,-1
2.779681921005249,416,-1,6240,13284,-1
2.7923741340637207,416,-1,6240,13284,-1
2.8042469024658203,416,-1,6240,13284,-1
2.8170270919799805,756,1,11340,14456,1
2.8299219608306885,756,1,11340,14456,1
2.8413639068603516,756,1,11340,14456,1
2.8532440662384033,756,1,11340,14456,1
2.866940975189209,1834,-1,27510,16866,1
2.879784107208252,1834,-1,27510,16866,1
2.891392946243286,1834,-1,27510,16866,1
2.903999090194702,1834,-1,27510,16866,1
2.9161550998687744,1262,-1,18930,17438,1
2.9298460483551025,1262,-1,18930,17438,1
2.941417932510376,1262,-1,18930,17438,1
2.9539859294891357,1262,-1,18930,17438,1
2.9676289558410645,1261,-1,18915,17439,1
2.979285955429077,1261,-1,18915,17439,1
2.9916799068450928,1261,-1,18915,17439,1
3.003804922103882,1261,-1,18915,17439,1
3.0176570415496826,1260,-1,18900,17440,1
3.0292611122131348,1260,-1,18900,17440,1
3.040879964828491,1260,-1,18900,17440,1
3.0526509284973145,1260,-1,18900,17440,1
3.066620111465454,1262,-1,18930,17438,1
3.0802719593048096,1262,-1,18930,17438,1
3.091430902481079,1262,-1,18930,17438,1
3.103032112121582,1262,-1,18930,17438,1
3.1171250343322754,1261,-1,18915,17439,1
3.129552125930786,1261,-1,18915,17439,1
3.1412811279296875,1261,-1,18915,17439,1
3.1537420749664307,1261,-1,18915,17439,1
3.1678531169891357,1260,-1,18900,17440,1
3.1808691024780273,1260,-1,18900,17440,1
3.1920621395111084,1260,-1,18900,17440,1
3.2034659385681152,1260,-1,18900,17440,1
3.2177650928497314,1259,-1,18885,17441,1
3.2305331230163574,1259,-1,18885,17441,1
3.2430241107940674,1259,-1,18885,17441,1
3.254703998565674,1259,-1,18885,17441,1
3.2666239738464355,1261,-1,18915,17439,1
3.2803261280059814,1261,-1,18915,17439,1
3.2921509742736816,1261,-1,18915,17439,1
3.3039710521698,1261,-1,18915,17439,1
3.31632399559021,1257,-1,18855,17443,1
3.329514980316162,1257,-1,18855,17443,1
3.3419370651245117,1257,-1,18855,17443,1
3.354991912841797,1257,-1,18900,17443,1
3.3688290119171143,1260,-1,18900,17440,1
3.3810219764709473,1260,-1,18900,17440,1
3.392493963241577,1260,-1,18900,17440,1
3.403593063354492,1260,-1,18900,17440,1
3.4163150787353516,1261,-1,18915,17439,1
3.4291579723358154,1261,-1,18915,17439,1
3.440553903579712,1261,-1,18915,17439,1
3.452850103378296,1261,-1,18915,17439,1
3.4655349254608154,1260,-1,18900,17440,1
3.4781789779663086,1260,-1,18900,17440,1
3.491091012954712,1260,-1,18900,17440,1
3.5033631324768066,1260,-1,18900,17440,1
3.515089988708496,1257,-1,18855,17443,1
3.527101993560791,1257,-1,18855,17443,1
3.5411131381988525,1257,-1,18855,17443,1
3.5534820556640625,1257,-1,18855,17443,1
3.5671560764312744,1245,-1,18675,17455,1
3.580038070678711,1245,-1,18675,17455,1
3.591475009918213,1245,-1,18675,17455,1
3.6033499240875244,1245,-1,18675,17455,1
3.61706805229187,498,1,7470,19198,1
3.6290080547332764,498,1,7470,19198,1
3.642106056213379,498,1,7470,19198,1
3.653825044631958,498,1,7470,19198,1
3.6660449504852295,2178,-1,32670,21522,1
3.678468942642212,2178,-1,32670,21522,1
3.6910629272460938,2178,-1,32670,21522,1
3.703835964202881,2178,-1,32670,21522,1
3.71616792678833,1589,-1,23835,22111,1
3.7289340496063232,1589,-1,23835,22111,1
3.740170955657959,1589,-1,23835,22111,1
3.7523910999298096,1589,-1,23835,22111,1
3.7663419246673584,1590,-1,23850,22110,1
3.7799930572509766,1590,-1,23850,22110,1
3.7915539741516113,1590,-1,23850,22110,1
3.8041350841522217,1590,-1,23850,22110,1
3.816751003265381,1591,-1,23865,22109,1
3.8282840251922607,1591,-1,23865,22109,1
3.842540979385376,1591,-1,23865,22109,1
3.8543930053710938,1591,-1,23820,22109,1
3.867079019546509,1588,-1,23820,22112,1
3.8793649673461914,1588,-1,23820,22112,1
3.8921780586242676,1588,-1,23820,22112,1
3.9037349224090576,1588,-1,23820,22112,1
3.917786121368408,1590,-1,23850,22110,1
3.9317901134490967,1590,-1,23850,22110,1
3.9453859329223633,1590,-1,23850,22110,1
3.958250045776367,1591,-1,23865,22109,1
3.970163106918335,1591,-1,23865,22109,1
3.9829299449920654,1591,-1,23865,22109,1
3.994792938232422,1591,-1,23865,22109,1
4.008400917053223,1592,-1,23880,22108,1
4.020265102386475,1592,-1,23880,22108,1
4.032732009887695,1592,-1,23880,22108,1
4.04461407661438,1592,-1,23880,22108,1
4.058250904083252,1591,-1,23865,22109,1
4.070312023162842,1591,-1,23865,22109,1
4.085139989852905,1591,-1,23865,22109,1
4.098938941955566,1591,-1,23865,22109,1
4.110145092010498,1591,-1,23865,22109,1
4.121819972991943,1591,-1,23865,22109,1
4.133260011672974,1591,-1,23865,22109,1
4.14452600479126,1591,-1,23865,22109,1
4.158121109008789,1590,-1,23850,22110,1
4.171101093292236,1590,-1,23850,22110,1
4.1857590675354,1590,-1,23850,22110,1
4.199481010437012,1590,-1,23850,22110,1
4.212888956069946,1588,-1,23820,22112,1
4.2240729331970215,1588,-1,23820,22112,1
4.2355570793151855,1588,-1,23820,22112,1
4.249131917953491,1588,-1,23820,22112,1
4.260190963745117,1591,-1,23865,22109,1
4.271353006362915,1591,-1,23865,22109,1
4.285401105880737,1591,-1,23865,22109,1
4.297755002975464,1591,-1,23865,22109,1
4.308924913406372,1592,-1,23880,22108,1
4.3213050365448,1592,-1,23880,22108,1
4.335552930831909,1592,-1,23880,22108,1
4.34948205947876,1592,-1,23880,22108,1
4.36060094833374,1588,-1,23820,22112,1
4.374694108963013,1588,-1,23820,22112,1
4.3866541385650635,1588,-1,23820,22112,1
4.40113091468811,1588,-1,23820,22112,1
4.414546012878418,403,-1,6045,23297,1
4.4276039600372314,403,-1,6045,23297,1
4.441219091415405,403,-1,6045,23297,1
4.453341960906982,403,-1,6045,23297,1
4.465142011642456,764,1,11460,24464,1
4.476962089538574,764,1,11460,24464,1
4.491054058074951,764,1,11460,24464,1
4.503389120101929,764,1,11460,24464,1
4.517908096313477,874,1,13110,24574,1
4.531738042831421,874,1,13110,24574,1
4.543164014816284,874,1,13110,24574,1
4.554944038391113,812,1,12180,24512,1
4.566903114318848,812,1,12180,24512,1
4.579324007034302,812,1,12180,24512,1
4.591952085494995,812,1,12180,24512,1
4.603830099105835,812,1,12120,24512,1
4.616657018661499,808,1,12120,24508,1
4.628695964813232,808,1,12120,24508,1
4.641422986984253,808,1,12120,24508,1
4.654036998748779,808,1,12120,24508,1
4.668545961380005,808,1,12120,24508,1
4.680354118347168,808,1,12120,24508,1
4.691657066345215,808,1,12120,24508,1
4.704344987869263,805,1,12075,24505,1
4.718636989593506,805,1,12075,24505,1
4.731687068939209,805,1,12075,24505,1
4.742923021316528,805,1,12075,24505,1
4.754699945449829,805,1,12075,24505,1
4.767082929611206,805,1,12075,24505,1
4.780573129653931,805,1,12075,24505,1
4.792511940002441,805,1,12075,24505,1
4.805124998092651,806,1,12090,24506,1
4.818022012710571,806,1,12090,24506,1
4.830358982086182,806,1,12090,24506,1
4.842099905014038,806,1,12090,24506,1
4.855097055435181,807,1,12105,24507,1
4.869275093078613,807,1,12105,24507,1
4.883023977279663,807,1,12105,24507,1
4.894896030426025,807,1,12105,24507,1
4.906137943267822,805,1,12075,24505,1
4.92009711265564,805,1,12075,24505,1
4.933955907821655,805,1,12075,24505,1
4.946437120437622,805,1,12075,24505,1
4.9589269161224365,804,1,12060,24504,1
4.971503973007202,804,1,12060,24504,1
4.985167026519775,804,1,12060,24504,1
4.998126983642578,804,1,12060,24504,1
5.009231090545654,805,1,12075,24505,1
5.021173000335693,805,1,12075,24505,1
5.0353639125823975,805,1,12075,24505,1
5.048969984054565,805,1,12075,24505,1
5.062572956085205,785,1,11775,24485,1
5.0751941204071045,785,1,11775,24485,1
5.087764024734497,785,1,11775,24485,1
5.101659059524536,785,1,11775,24485,1
5.115294933319092,748,1,11220,24448,1
5.126598119735718,748,1,11220,24448,1
5.138106107711792,748,1,11220,24448,1
5.150113105773926,748,1,11220,24448,1
5.161444902420044,602,1,9030,24302,1
5.1732330322265625,602,1,9030,24302,1
5.184875011444092,602,1,9030,24302,1
5.199186086654663,602,1,9030,24302,1
5.210581064224243,136,-1,2040,23564,1
5.221847057342529,136,-1,2040,23564,1
5.234380006790161,136,-1,2040,23564,1
5.246186017990112,136,-1,2040,23564,1
5.257584095001221,2118,-1,31770,21582,1
5.2704010009765625,2118,-1,31770,21582,1
5.284595012664795,2118,-1,31770,21582,1
5.2962729930877686,2118,-1,31770,21582,1
5.3100550174713135,952,1,14280,19652,1
5.321566104888916,952,1,14280,19652,1
5.3359739780426025,952,1,14280,19652,1
5.35028600692749,952,1,14280,19652,1
5.363847970962524,2456,-1,36840,16244,1
5.376394987106323,2456,-1,36840,16244,1
5.388168096542358,2456,-1,36840,16244,1
5.401396036148071,2456,-1,36840,16244,1
5.415067911148071,2406,-1,36090,16294,1
5.4280290603637695,2406,-1,36090,16294,1
5.441640138626099,2406,-1,36090,16294,1
5.4538490772247314,2399,-1,35985,16301,1
5.467932939529419,2399,-1,35985,16301,1
5.4796669483184814,2399,-1,35985,16301,1
5.492088079452515,2399,-1,35985,16301,1
5.504477024078369,2399,-1,35985,16301,1
5.516499996185303,2399,-1,35985,16301,1
5.530080080032349,2399,-1,35985,16301,1
5.54281210899353,2399,-1,35985,16301,1
5.554608106613159,2399,-1,35985,16301,1
5.567012071609497,2399,-1,35985,16301,1
5.578491926193237,2399,-1,35985,16301,1
5.592548131942749,2399,-1,35985,16301,1
5.604594945907593,2400,-1,36000,16300,1
5.617038011550903,2400,-1,36000,16300,1
5.628535985946655,2400,-1,36000,16300,1
5.642652988433838,2400,-1,36000,16300,1
5.654361963272095,2400,-1,36000,16300,1
5.66815710067749,2400,-1,36000,16300,1
5.681868076324463,2400,-1,36000,16300,1
5.693705081939697,2400,-1,36000,16300,1
5.705384969711304,2398,-1,35970,16302,1
5.7178919315338135,2398,-1,35970,16302,1
5.72968602180481,2398,-1,35970,16302,1
5.742303133010864,2398,-1,35970,16302,1
5.754017114639282,2397,-1,35955,16303,1
5.767250061035156,2397,-1,35955,16303,1
5.780915021896362,2397,-1,35955,16303,1
5.7924299240112305,2397,-1,35955,16303,1
5.805625915527344,2399,-1,35985,16301,1
5.820034980773926,2399,-1,35985,16301,1
5.833723068237305,2399,-1,35985,16301,1
5.845407962799072,2399,-1,35985,16301,1
5.856703042984009,2399,-1,35985,16301,1
5.86803412437439,2399,-1,35985,16301,1
5.881325960159302,2399,-1,35985,16301,1
5.893571138381958,2399,-1,35985,16301,1
5.905072927474976,2401,-1,36015,16299,1
5.918230056762695,2401,-1,36015,16299,1
5.930333137512207,2401,-1,36015,16299,1
5.942555904388428,2401,-1,36015,16299,1
5.954031944274902,2422,-1,36330,16278,1
5.968097925186157,2422,-1,36330,16278,1
5.981194972991943,2422,-1,36330,16278,1
5.993298053741455,2422,-1,36330,16278,1
6.005528926849365,2085,1,31275,15785,1
6.0190160274505615,2085,1,31275,15785,1
6.0329389572143555,2085,1,31275,15785,1
6.046514987945557,2085,1,31275,15785,1
6.059739112854004,841,-1,12615,12859,-1
6.071995973587036,841,-1,12615,12859,-1
6.0836710929870605,841,-1,12615,12859,-1
6.096732139587402,841,-1,12615,12859,-1
6.109303951263428,2485,1,37275,11185,-1
6.122080087661743,2485,1,37275,11185,-1
6.134253025054932,2485,1,37275,11185,-1
6.147032022476196,2485,1,37275,11185,-1
6.159804105758667,2469,1,37035,11169,-1
6.1723339557647705,2469,1,37035,11169,-1
6.1866021156311035,2469,1,37035,11169,-1
6.200429916381836,2469,1,37035,11169,-1
6.21197509765625,2467,1,37005,11167,-1
6.223266124725342,2467,1,37005,11167,-1
6.234800100326538,2467,1,37005,11167,-1
6.246889114379883,2467,1,37005,11167,-1
6.258021116256714,2464,1,36960,11164,-1
6.2709150314331055,2464,1,36960,11164,-1
6.284502983093262,2464,1,36960,11164,-1
6.2969090938568115,2464,1,36960,11164,-1
6.310220003128052,2470,1,37050,11170,-1
6.322761058807373,2470,1,37050,11170,-1
6.334650993347168,2470,1,37050,11170,-1
6.34827995300293,2470,1,37050,11170,-1
6.359839916229248,2467,1,37005,11167,-1
6.3717200756073,2467,1,37005,11167,-1
6.38438606262207,2467,1,37005,11167,-1
6.39645791053772,2467,1,37005,11167,-1
6.407623052597046,2465,1,36975,11165,-1
6.419486999511719,2465,1,36975,11165,-1
6.433068037033081,2465,1,36975,11165,-1
6.4441540241241455,2465,1,36975,11165,-1
6.455734014511108,2461,1,36915,11161,-1
6.469320058822632,2461,1,36915,11161,-1
6.483146905899048,2461,1,36915,11161,-1
6.494185924530029,2461,1,36915,11161,-1
6.505696058273315,2468,1,37020,11168,-1
6.519495010375977,2468,1,37020,11168,-1
6.533186912536621,2468,1,37020,11168,-1
6.544589042663574,2468,1,37020,11168,-1
6.556335926055908,2467,1,37005,11167,-1
6.56889796257019,2467,1,37005,11167,-1
6.580035924911499,2467,1,37005,11167,-1
6.593646049499512,2467,1,37005,11167,-1
6.605475902557373,2466,1,36990,11166,-1
6.618601083755493,2466,1,36990,11166,-1
6.630515098571777,2466,1,36990,11166,-1
6.643615007400513,2466,1,36990,11166,-1
6.656184911727905,2463,1,36945,11163,-1
6.668858051300049,2463,1,36945,11163,-1
6.680292129516602,2463,1,36945,11163,-1
6.692826986312866,2463,1,36945,11163,-1
6.70533299446106,2429,1,36435,11129,-1
6.717535972595215,2429,1,36435,11129,-1
6.730140924453735,2429,1,36435,11129,-1
6.7412109375,2429,1,36435,11129,-1
6.754507064819336,688,1,10320,9388,-1
6.768419981002808,688,1,10320,9388,-1
6.780470132827759,688,1,10320,9388,-1
6.792933940887451,688,1,10320,9388,-1
6.8056299686431885,1915,-1,28725,6785,-1
6.818516969680786,1915,-1,28725,6785,-1
6.832169055938721,1915,-1,28725,6785,-1
6.8438780307769775,1915,-1,28725,6785,-1
6.856560945510864,2058,-1,30870,6642,-1
6.868089914321899,2058,-1,30870,6642,-1
6.880537986755371,2058,-1,30870,6642,-1
6.893496990203857,2058,-1,30870,6642,-1
6.906929016113281,2032,-1,30480,6668,-1
6.920853137969971,2032,-1,30480,6668,-1
6.934561014175415,2032,-1,30480,6668,-1
6.948105096817017,2032,-1,30480,6668,-1
6.959626913070679,2026,-1,30390,6674,-1
6.971942901611328,2026,-1,30390,6674,-1
6.985940933227539,2026,-1,30390,6674,-1
6.997597932815552,2026,-1,30390,6674,-1
7.010285139083862,2027,-1,30405,6673,-1
7.0219879150390625,2027,-1,30405,6673,-1
7.036113977432251,2027,-1,30405,6673,-1
7.049745082855225,2027,-1,30405,6673,-1
7.061244010925293,2026,-1,30390,6674,-1
7.0733771324157715,2026,-1,30390,6674,-1
7.085237979888916,2026,-1,30390,6674,-1
7.098228931427002,2026,-1,30390,6674,-1
7.109694004058838,2028,-1,30420,6672,-1
7.122277021408081,2028,-1,30420,6672,-1
7.134522914886475,2028,-1,30420,6672,-1
7.1480090618133545,2028,-1,30420,6672,-1
7.160068035125732,2025,-1,30375,6675,-1
7.172749042510986,2025,-1,30375,6675,-1
7.186875104904175,2025,-1,30375,6675,-1
7.199157953262329,2025,-1,30375,6675,-1
7.211451053619385,2028,-1,30420,6672,-1
7.22250509262085,2028,-1,30420,6672,-1
7.236584901809692,2028,-1,30420,6672,-1
7.249541997909546,2028,-1,30420,6672,-1
7.260710000991821,2025,-1,30375,6675,-1
7.271892070770264,2025,-1,30375,6675,-1
7.286145925521851,2025,-1,30375,6675,-1
7.297956943511963,2025,-1,30375,6675,-1
7.310804128646851,2028,-1,30420,6672,-1
7.323482036590576,2028,-1,30420,6672,-1
7.33499002456665,2028,-1,30420,6672,-1
7.347687005996704,2028,-1,30420,6672,-1
7.360115051269531,2025,-1,30375,6675,-1
7.371913909912109,2025,-1,30375,6675,-1
7.385695934295654,2025,-1,30375,6675,-1
7.397377967834473,2025,-1,30375,6675,-1
7.409930944442749,2027,-1,30405,6673,-1
7.42215895652771,2027,-1,30405,6673,-1
7.436546087265015,2027,-1,30405,6673,-1
7.448282957077026,2027,-1,30405,6673,-1
7.460124969482422,2025,-1,30375,6675,-1
7.47191309928894,2025,-1,30375,6675,-1
7.484673976898193,2025,-1,30375,6675,-1
7.497659921646118,2025,-1,30375,6675,-1
7.510095119476318,1950,-1,29250,6750,-1
7.522202014923096,1950,-1,29250,6750,-1
7.536607980728149,1950,-1,29250,6750,-1
7.548906087875366,1950,-1,29250,6750,-1
7.560390949249268,314,-1,4710,8386,-1
7.572202920913696,314,-1,4710,8386,-1
7.586429119110107,314,-1,4710,8386,-1
7.600183010101318,314,-1,4710,8386,-1
7.611500024795532,1270,-1,19050,12430,-1
7.623011112213135,1270,-1,19050,12430,-1
7.636608123779297,1270,-1,19050,12430,-1
7.651055097579956,924,-1,13860,12430,-1
7.662131071090698,924,-1,13860,12776,-1
7.67618203163147,924,-1,13860,12776,-1
7.68825101852417,924,-1,13860,12776,-1
7.702233076095581,924,-1,13860,12776,-1
7.715167045593262,924,-1,13860,12776,-1
7.727268934249878,924,-1,13860,12776,-1
7.739838123321533,924,-1,13860,12776,-1
7.7542431354522705,922,-1,13830,12778,-1
7.768049955368042,922,-1,13830,12778,-1
7.779629945755005,922,-1,13830,12778,-1
7.7908360958099365,922,-1,13830,12778,-1
7.802771091461182,924,-1,13860,12776,-1
7.815174102783203,924,-1,13860,12776,-1
7.827253103256226,924,-1,13860,12776,-1
7.838907957077026,924,-1,13860,12776,-1
7.852353096008301,924,-1,13860,12776,-1
7.864985942840576,924,-1,13860,12776,-1
7.876550912857056,924,-1,13860,12776,-1
7.888395071029663,924,-1,13860,12776,-1
7.902275085449219,925,-1,13875,12775,-1
7.913474082946777,925,-1,13875,12775,-1
7.927025079727173,925,-1,13875,12775,-1
7.939002990722656,925,-1,13875,12775,-1
7.9529290199279785,923,-1,13845,12777,-1
7.964859962463379,923,-1,13845,12777,-1
7.976912975311279,923,-1,13845,12777,-1
7.989537954330444,923,-1,13845,12777,-1
8.001886129379272,922,-1,13830,12778,-1
8.013343095779419,922,-1,13830,12778,-1
8.024429082870483,922,-1,13830,12778,-1
8.03738808631897,922,-1,13830,12778,-1
8.048528909683228,922,-1,13830,12778,-1
8.062739133834839,925,-1,13875,12775,-1
8.074111938476562,925,-1,13875,12775,-1
8.086705923080444,925,-1,13875,12775,-1
8.099252939224243,925,-1,13875,12775,-1
8.111256122589111,926,-1,13890,12774,-1
8.123081922531128,926,-1,13890,12774,-1
8.134736061096191,926,-1,13890,12774,-1
8.146347045898438,926,-1,13890,12774,-1
8.157925128936768,924,-1,13860,12776,-1
8.170975923538208,924,-1,13860,12776,-1
8.182827949523926,924,-1,13860,12776,-1
8.194751977920532,924,-1,13860,12776,-1
8.206414937973022,922,-1,13830,12778,-1
8.218444108963013,922,-1,13830,12778,-1
8.229766130447388,922,-1,13830,12778,-1
8.240844964981079,922,-1,13830,12778,-1
8.253725051879883,925,-1,13875,12775,-1
8.26512098312378,925,-1,13875,12775,-1
8.277430057525635,925,-1,13875,12775,-1
8.28898310661316,925,-1,13875,12775,-1
8.303679943084717,924,-1,13860,12776,-1
8.315145015716553,924,-1,13860,12776,-1
8.32681393623352,924,-1,13860,12776,-1
8.338611125946045,924,-1,13860,12776,-1
8.352488040924072,925,-1,13875,12775,-1
8.365639925003052,925,-1,13875,12775,-1
8.378243923187256,925,-1,13875,12775,-1
8.39123010635376,925,-1,13875,12775,-1
8.404834985733032,343,-1,5145,13357,-1
8.418950080871582,343,-1,5145,13357,-1
8.432560920715332,343,-1,5145,13357,-1
8.443802118301392,343,-1,5145,13357,-1
8.456079959869385,2226,1,33390,15926,1
8.46989893913269,2226,1,33390,15926,1
8.481303930282593,2226,1,33390,15926,1
8.493948936462402,2226,1,33390,15926,1
8.505989074707031,2111,-1,31665,16589,1
8.518544912338257,2111,-1,31665,16589,1
8.531598091125488,2111,-1,31665,16589,1
8.544368028640747,2111,-1,31665,16589,1
8.556411027908325,2033,-1,30495,16667,1
8.568794965744019,2033,-1,30495,16667,1
8.582277059555054,2033,-1,30495,16667,1
8.594309091567993,2033,-1,30495,16667,1
8.606029033660889,2033,-1,30495,16667,1
8.618628978729248,2033,-1,30495,16667,1
8.631699085235596,2033,-1,30495,16667,1
8.644335985183716,2033,-1,30495,16667,1
8.65588092803955,2034,-1,30510,16666,1
8.670108079910278,2034,-1,30510,16666,1
8.68288803100586,2034,-1,30510,16666,1
8.69483995437622,2034,-1,30510,16666,1
8.706528902053833,2034,-1,30510,16666,1
8.720376968383789,2034,-1,30510,16666,1
8.733110904693604,2034,-1,30510,16666,1
8.744933128356934,2034,-1,30510,16666,1
8.756680011749268,2035,-1,30525,16665,1
8.768970966339111,2035,-1,30525,16665,1
8.782433986663818,2035,-1,30525,16665,1
8.794623136520386,2035,-1,30525,16665,1
8.806128025054932,2035,-1,30525,16665,1
8.820279121398926,2035,-1,30525,16665,1
8.832643032073975,2035,-1,30525,16665,1
8.84468698501587,2035,-1,30525,16665,1
8.85644006729126,2034,-1,30510,16666,1
8.872067928314209,2034,-1,30510,16666,1
8.88587999343872,2034,-1,30510,16666,1
8.899481058120728,2034,-1,30510,16666,1
8.91118311882019,2034,-1,30510,16666,1
8.92349910736084,2034,-1,30510,16666,1
8.937695026397705,2034,-1,30510,16666,1
8.94991397857666,2034,-1,30510,16666,1
8.96103811264038,2034,-1,30510,16666,1
8.97381591796875,2034,-1,30510,16666,1
8.987385034561157,2034,-1,30510,16666,1
8.999300003051758,2034,-1,30480,16666,1
9.01117205619812,2032,-1,30480,16668,1
9.02297592163086,2032,-1,30480,16668,1
9.036497116088867,2032,-1,30480,16668,1
9.047893047332764,2032,-1,30480,16668,1
9.061788082122803,2032,-1,30480,16668,1
9.073641061782837,2032,-1,30480,16668,1
9.086055040359497,2032,-1,30480,16668,1
9.099735021591187,988,-1,14820,17712,1
9.11178708076477,988,-1,14820,17712,1
9.123400926589966,988,-1,14820,17712,1
9.136444091796875,988,-1,14820,17712,1
9.14874005317688,988,-1,14820,17712,1
9.16181993484497,2312,-1,34680,21388,1
9.17452597618103,2312,-1,34680,21388,1
9.187510967254639,2312,-1,34680,21388,1
9.200314044952393,1069,-1,16035,22631,1
9.213000059127808,1069,-1,16035,22631,1
9.225718975067139,1069,-1,16035,22631,1
9.237621068954468,1069,-1,16035,22631,1
9.250157117843628,1072,-1,16080,22628,1
9.261733055114746,1072,-1,16080,22628,1
9.274233102798462,1072,-1,16080,22628,1
9.286057949066162,1072,-1,16080,22628,1
9.297795057296753,1072,-1,16080,22628,1
9.308893918991089,1072,-1,16080,22628,1
9.321845054626465,1072,-1,16080,22628,1
9.33578610420227,1072,-1,16080,22628,1
9.347702026367188,1072,-1,16080,22628,1
9.361202955245972,1072,-1,16080,22628,1
9.373872995376587,1072,-1,16080,22628,1
9.387567043304443,1072,-1,16080,22628,1
9.40065312385559,1072,-1,16080,22628,1
9.411965131759644,1072,-1,16080,22628,1
9.423732995986938,1072,-1,16080,22628,1
9.436515092849731,1072,-1,16080,22628,1
9.448357105255127,1072,-1,16080,22628,1
9.460179090499878,1072,-1,16080,22628,1
9.472517013549805,1072,-1,16080,22628,1
9.487026929855347,1072,-1,16080,22628,1
9.499294996261597,1071,-1,16065,22629,1
9.511223077774048,1071,-1,16065,22629,1
9.523268938064575,1071,-1,16065,22629,1
9.535825967788696,1071,-1,16065,22629,1
9.549094915390015,1070,-1,16050,22629,1
9.561585903167725,1070,-1,16050,22630,1
9.574105978012085,1070,-1,16050,22630,1
9.585984945297241,1070,-1,16050,22630,1
9.598665952682495,1070,-1,16050,22630,1
9.611860036849976,1073,-1,16095,22627,1
9.62404990196228,1073,-1,16095,22627,1
9.637322902679443,1073,-1,16095,22627,1
9.651119947433472,1071,-1,16065,22629,1
9.66237211227417,1071,-1,16065,22629,1
9.67420506477356,1071,-1,16065,22629,1
9.686691045761108,1071,-1,16065,22629,1
9.69931411743164,1074,-1,16110,22626,1
9.712234020233154,1074,-1,16110,22626,1
9.723773956298828,1074,-1,16110,22626,1
9.735960006713867,1074,-1,16110,22626,1
9.749542951583862,1071,-1,16065,22629,1
9.76083493232727,1071,-1,16065,22629,1
9.773085117340088,1071,-1,16065,22629,1
9.785429954528809,1071,-1,16065,22629,1
9.79900598526001,999,-1,14985,22701,1
9.810204982757568,999,-1,14985,22701,1
9.821743965148926,999,-1,14985,22701,1
9.835547924041748,999,-1,14985,22701,1
9.848592042922974,999,1,9345,22701,1
9.861795902252197,623,1,9345,24323,1
9.873528957366943,623,1,9345,24323,1
9.887545108795166,623,1,9345,24323,1
9.899615049362183,966,1,14490,24666,1
9.912038087844849,966,1,14490,24666,1
9.924694061279297,966,1,14490,24666,1
9.93889594078064,966,1,14490,24666,1
9.952623128890991,980,1,14700,24680,1
9.964761972427368,980,1,14700,24680,1
9.977848052978516,980,1,14700,24680,1
9.99048900604248,980,1,14700,24680,1
10.002516984939575,985,1,14775,24685,1
10.014188051223755,985,1,14775,24685,1
10.027822971343994,985,1,14775,24685,1
10.040208101272583,985,1,14775,24685,1
10.054325103759766,978,1,14670,24678,1
10.065691947937012,978,1,14670,24678,1
10.076821088790894,978,1,14670,24678,1
10.089430093765259,978,1,14670,24678,1
10.103590965270996,971,1,14565,24671,1
10.115509986877441,971,1,14565,24671,1
10.12849497795105,971,1,14565,24671,1
10.139550924301147,971,1,14565,24671,1
10.15355110168457,967,1,14505,24667,1
10.167167901992798,967,1,14505,24667,1
10.179004907608032,967,1,14505,24667,1
10.19072699546814,967,1,14505,24667,1
10.204056024551392,968,1,14520,24668,1
10.217875957489014,968,1,14520,24668,1
10.229061126708984,968,1,14520,24668,1
10.240689992904663,968,1,14520,24668,1
10.254632949829102,969,1,14535,24669,1
10.26820707321167,969,1,14535,24669,1
10.27925705909729,969,1,14535,24669,1
10.290735006332397,969,1,14535,24669,1
10.303080081939697,965,1,14475,24665,1
10.315762996673584,965,1,14475,24665,1
10.328392028808594,965,1,14475,24665,1
10.34011697769165,965,1,14475,24665,1
10.354596138000488,961,1,14415,24661,1
10.366490125656128,961,1,14415,24661,1
10.377892971038818,961,1,14415,24661,1
10.390191078186035,961,1,14415,24661,1
10.404706954956055,958,1,14370,24658,1
10.416191101074219,958,1,14370,24658,1
10.428290128707886,958,1,14370,24658,1
10.439671039581299,958,1,14370,24658,1
10.45430612564087,957,1,14355,24657,1
10.467330932617188,957,1,14355,24657,1
10.479471921920776,957,1,14355,24657,1
10.491392135620117,957,1,14355,24657,1
10.503215074539185,957,1,14355,24657,1
10.516807079315186,957,1,14355,24657,1
10.528861999511719,957,1,14355,24657,1
10.540602922439575,957,1,14355,24657,1
10.55315113067627,952,1,14280,24652,1
10.56674599647522,952,1,14280,24652,1
10.578952074050903,952,1,14280,24652,1
10.590888023376465,952,1,14280,24652,1
10.603155136108398,952,1,14280,24652,1
10.61599612236023,952,1,14280,24652,1
10.628907918930054,952,1,14280,24652,1
10.64064908027649,952,1,14280,24652,1
10.653260946273804,948,1,14220,24648,1
10.66513991355896,948,1,14220,24648,1
10.678169965744019,948,1,14220,24648,1
10.690522909164429,948,1,14220,24648,1
10.703975915908813,947,1,14205,24647,1
10.716622114181519,947,1,14205,24647,1
10.729748964309692,947,1,14205,24647,1
10.741809129714966,947,1,14205,24647,1
10.753770112991333,947,1,14205,24647,1
10.76737904548645,947,1,14205,24647,1
10.779325008392334,947,1,14205,24647,1
10.791914939880371,947,1,14205,24647,1
10.805921077728271,944,1,14160,24644,1
10.817611932754517,944,1,14160,24644,1
10.828715085983276,944,1,14160,24644,1
10.840183973312378,944,1,14160,24644,1
10.85434603691101,942,1,14130,24642,1
10.866329908370972,942,1,14130,24642,1
10.878457069396973,942,1,14130,24642,1
10.891082048416138,942,1,14130,24642,1
10.90374493598938,943,1,14145,24643,1
10.917715072631836,943,1,14145,24643,1
10.929611921310425,943,1,14145,24643,1
10.941291093826294,943,1,14145,24643,1
10.953355073928833,941,1,14115,24641,1
10.967059135437012,941,1,14115,24641,1
10.97823190689087,941,1,14115,24641,1
10.99090313911438,941,1,14115,24641,1
11.003586053848267,940,1,14100,24640,1
11.015674114227295,940,1,14100,24640,1
11.028126001358032,940,1,14100,24640,1
11.040642023086548,940,1,14100,24640,1
11.054723024368286,942,1,14130,24642,1
11.068406105041504,942,1,14130,24642,1
11.07949709892273,942,1,14130,24642,1
11.091109991073608,942,1,14130,24642,1
11.103114128112793,945,1,14175,24645,1
11.115373134613037,945,1,14175,24645,1
11.126610040664673,945,1,14175,24645,1
11.139799118041992,945,1,14175,24645,1
11.153486013412476,938,1,14070,24638,1
11.1648850440979,938,1,14070,24638,1
11.176039934158325,938,1,14070,24638,1
11.1876699924469,938,1,14070,24638,1
11.200376033782959,942,1,14130,24642,1
11.212873935699463,942,1,14130,24642,1
11.22525691986084,942,1,14130,24642,1
11.237124919891357,942,1,14130,24642,1
11.248409032821655,940,1,14100,24640,1
11.261991024017334,940,1,14100,24640,1
11.274786949157715,940,1,14100,24640,1
11.286314964294434,940,1,14100,24640,1
11.29963994026184,939,1,14085,24639,1
11.311599016189575,939,1,14085,24639,1
11.324193954467773,939,1,14085,24639,1
11.337235927581787,939,1,14085,24639,1
11.349133968353271,941,1,14115,24641,1
11.362550020217896,941,1,14115,24641,1
11.374499082565308,941,1,14115,24641,1
11.386879920959473,941,1,14115,24641,1
11.399298906326294,937,1,14055,24637,1
11.41193699836731,937,1,14055,24637,1
11.424561023712158,937,1,14055,24637,1
11.437443017959595,937,1,14055,24637,1
11.449350118637085,939,1,14085,24639,1
11.462610006332397,939,1,14085,24639,1
11.474420070648193,939,1,14085,24639,1
11.48853611946106,939,1,14085,24639,1
11.50058913230896,941,1,14115,24641,1
11.51197099685669,941,1,14115,24641,1
11.52420711517334,941,1,14115,24641,1
11.53662395477295,941,1,14115,24641,1
11.550205945968628,938,1,14070,24638,1
11.562734127044678,938,1,14070,24638,1
11.57454800605774,938,1,14070,24638,1
11.586901903152466,938,1,14070,24638,1
11.599252939224243,940,1,14100,24640,1
11.611828088760376,940,1,14100,24640,1
11.623600959777832,940,1,14100,24640,1
11.637639045715332,940,1,14100,24640,1
11.651041030883789,940,1,14100,24640,1
11.662389039993286,940,1,14100,24640,1
11.674247980117798,940,1,14100,24640,1
11.688837051391602,940,1,14100,24640,1
11.702692031860352,940,1,14100,24640,1
11.716264963150024,940,1,14100,24640,1
11.729510068893433,940,1,14100,24640,1
11.742095947265625,940,1,14100,24640,1
11.754848957061768,938,1,14070,24638,1
11.767101049423218,938,1,14070,24638,1
11.778552055358887,938,1,14070,24638,1
11.790925979614258,938,1,14070,24638,1
11.805690050125122,941,1,14115,24641,1
11.819504976272583,941,1,14115,24641,1
11.830991983413696,941,1,14115,24641,1
11.842155933380127,941,1,14115,24641,1
11.855370044708252,935,1,14025,24635,1
11.868443965911865,935,1,14025,24635,1
11.88026213645935,935,1,14025,24635,1
11.891763925552368,935,1,14025,24635,1
11.905908107757568,936,1,14040,24636,1
11.917601108551025,936,1,14040,24636,1
11.929419040679932,936,1,14040,24636,1
11.941461086273193,936,1,14040,24636,1
11.95376205444336,938,1,14070,24638,1
11.966372966766357,938,1,14070,24638,1
11.979614019393921,938,1,14070,24638,1
11.99232292175293,938,1,14070,24638,1
12.003937005996704,937,1,14055,24637,1
12.01665711402893,937,1,14055,24637,1
12.029685974121094,937,1,14055,24637,1
12.042274951934814,937,1,14055,24637,1
12.0538170337677,938,1,14070,24638,1
12.064918994903564,938,1,14070,24638,1
12.078747987747192,938,1,14070,24638,1
12.091076135635376,938,1,14070,24638,1
12.104998111724854,937,1,14055,24637,1
12.118705987930298,937,1,14055,24637,1
12.129894018173218,937,1,14055,24637,1
12.141200065612793,937,1,14055,24637,1
12.155501127243042,937,1,14055,24637,1
12.167580127716064,937,1,14055,24637,1
12.180898904800415,937,1,14055,24637,1
12.192096948623657,937,1,14055,24637,1
12.205456018447876,936,1,14040,24636,1
12.217562913894653,936,1,14040,24636,1
12.229697942733765,936,1,14040,24636,1
12.241620063781738,936,1,14040,24636,1
12.252954006195068,936,1,14040,24636,1
12.264233112335205,936,1,14040,24636,1
12.275310039520264,936,1,14040,24636,1
12.287167072296143,936,1,14040,24636,1
12.299104928970337,941,1,14115,24641,1
12.310143947601318,941,1,14115,24641,1
12.323154926300049,941,1,14115,24641,1
12.335789918899536,941,1,14115,24641,1
12.346939086914062,938,1,14070,24638,1
12.358731985092163,938,1,14070,24638,1
12.370995044708252,938,1,14070,24638,1
12.383201122283936,938,1,14070,24638,1
12.39647102355957,938,1,14070,24638,1
12.408354043960571,938,1,14070,24638,1
12.420367002487183,938,1,14070,24638,1
12.432047128677368,938,1,14070,24638,1
12.445724964141846,938,1,14070,24638,1
12.457885980606079,938,1,14070,24638,1
12.471995115280151,938,1,14070,24638,1
12.483357906341553,938,1,14070,24638,1
12.496374130249023,939,1,14085,24639,1
12.508255958557129,939,1,14085,24639,1
12.521131992340088,939,1,14085,24639,1
12.534881114959717,939,1,14085,24639,1
12.546216011047363,937,1,14055,24637,1
12.558459997177124,937,1,14055,24637,1
